{"cameraMode":{"drawMode":0,"name":"Shaded","section":"Shading Mode"},"sceneLighting":true,"audioPlay":false,"sceneViewState":{"showFog":true,"showMaterialUpdate":false,"showSkybox":true,"showFlares":true,"showImageEffects":true,"showParticleSystems":true},"in2DMode":false,"pivot":{"x":0.510002613067627,"y":0.9356179237365723,"z":-0.9969277381896973},"rotation":{"x":-0.058591749519109729,"y":0.9291263818740845,"z":-0.16793037950992585,"w":-0.32417699694633486},"size":13.750000953674317,"orthographic":false}