{"cameraMode":{"drawMode":0,"name":"Shaded","section":"Shading Mode"},"sceneLighting":false,"audioPlay":false,"sceneViewState":{"showFog":true,"showMaterialUpdate":false,"showSkybox":true,"showFlares":true,"showImageEffects":true,"showParticleSystems":true},"in2DMode":false,"pivot":{"x":-0.06074404716491699,"y":11.908495903015137,"z":-0.0000667572021484375},"rotation":{"x":0.2535971701145172,"y":-0.654330849647522,"z":0.24853605031967164,"w":0.6676596403121948},"size":40.62450408935547,"orthographic":true}