{"cameraMode":{"drawMode":0,"name":"Shaded","section":"Shading Mode"},"sceneLighting":true,"audioPlay":false,"sceneViewState":{"showFog":true,"showMaterialUpdate":false,"showSkybox":true,"showFlares":true,"showImageEffects":true,"showParticleSystems":true},"in2DMode":false,"pivot":{"x":-3.8163788318634035,"y":7.934091567993164,"z":-8.787714004516602},"rotation":{"x":0.2014438509941101,"y":0.7985329627990723,"z":-0.40462201833724978,"w":0.3975507616996765},"size":21.743446350097658,"orthographic":true}