{"cameraMode":{"drawMode":0,"name":"Shaded","section":"Shading Mode"},"sceneLighting":true,"audioPlay":false,"sceneViewState":{"showFog":true,"showMaterialUpdate":false,"showSkybox":true,"showFlares":true,"showImageEffects":true,"showParticleSystems":true},"in2DMode":false,"pivot":{"x":5.781252861022949,"y":0.2708010673522949,"z":15.411444664001465},"rotation":{"x":-0.21306172013282777,"y":0.02988918125629425,"z":-0.006521131377667189,"w":-0.9765596985816956},"size":10.0,"orthographic":false}